country,region_name,scenario,period,stress_index,yield_loss_pct,volume_at_risk_mt,annual_mt,sourcing_pct,scenario_name,year,risk_bucket,supply_shock_pct,price_increase_pct,elasticity_multiplier,adjusted_coffee_price_usd_kg,cost_green_coffee_usd,cost_green_coffee_adjusted_usd,profit_at_risk_usd,cost_green_M,cost_green_adjusted_M,profit_at_risk_M,pct_of_total_volume
Colombia,Huila,ssp126,near_term,0.021267598037607967,0.010633799018803984,109.52812989368103,10300,6.0,Net-Zero 2050,2030,Low Risk (<20%),0.0006367914528702385,0.0005094331622961908,1.0005094331622961,3.5017830160680363,383348.45462788356,383543.74504338595,2259081.3582024584,0.3833484546278836,0.38354374504338595,2.2590813582024585,0.06367914528702386
Colombia,Huila,ssp126,mid_term,0.0168162102913484,0.0084081051456742,86.60348300044426,10300,6.0,Net-Zero 2050,2050,Low Risk (<20%),0.0005035086220956061,0.0004028068976764849,1.0004028068976765,3.5014098241418674,303112.1905015549,303234.28618265875,1786247.187746373,0.3031121905015549,0.30323428618265874,1.786247187746373,0.05035086220956061
Colombia,Huila,ssp245,near_term,0.03540787668060511,0.017703938340302556,182.35056490511633,10300,6.0,Delayed Transition,2030,Low Risk (<20%),0.0010601777029367228,0.0008481421623493783,1.0008481421623494,3.502968497568223,638226.9771679072,638768.2843763921,3761086.4189383187,0.6382269771679072,0.6387682843763921,3.761086418938319,0.10601777029367228
Colombia,Huila,ssp245,mid_term,0.027472401982173322,0.013736200991086661,141.48287020819262,10300,6.0,Delayed Transition,2050,Low Risk (<20%),0.0008225748267918176,0.0006580598614334541,1.0006580598614334,3.502303209515017,495190.04572867416,495515.9104215496,2918166.4555266527,0.49519004572867414,0.4955159104215496,2.9181664555266527,0.08225748267918176
Colombia,Huila,ssp585,near_term,0.048499661537818615,0.024249830768909308,249.77325691976586,10300,6.0,Current Policies,2030,Low Risk (<20%),0.0014521700983707317,0.0011617360786965855,1.0011617360786966,3.5040660762754383,874206.3992191805,875221.9963333809,5151718.640980009,0.8742063992191804,0.8752219963333809,5.151718640980009,0.14521700983707317
Colombia,Huila,ssp585,mid_term,0.02080606544110924,0.01040303272055462,107.15123702171259,10300,6.0,Current Policies,2050,Low Risk (<20%),0.0006229723082657708,0.0004983778466126166,1.0004983778466126,3.5017443224631437,375029.32957599405,375216.23588568467,2210056.560803649,0.37502932957599405,0.37521623588568465,2.210056560803649,0.06229723082657708
Colombia,Antioquia,ssp126,near_term,0.053624884337419645,0.026812442168709823,252.03695638587234,9400,5.5,Net-Zero 2050,2030,Low Risk (<20%),0.0014653311417783276,0.0011722649134226623,1.0011722649134227,3.5041029271969792,882129.3473505533,883163.4366335527,5198408.758572796,0.8821293473505533,0.8831634366335527,5.198408758572796,0.14653311417783277
Colombia,Antioquia,ssp126,mid_term,0.07004189281980508,0.03502094640990254,329.1968962530839,9400,5.5,Net-Zero 2050,2050,Low Risk (<20%),0.001913935443331883,0.0015311483546655066,1.0015311483546656,3.5053590192413298,1152189.1368857936,1153953.309387,6789877.37876419,1.1521891368857937,1.153953309387,6.7898773787641895,0.1913935443331883
Colombia,Antioquia,ssp245,near_term,0.0949274745255243,0.04746373726276215,446.15913026996424,9400,5.5,Delayed Transition,2030,Low Risk (<20%),0.0025939484318021175,0.002075158745441694,1.0020751587454417,3.5072630556090463,1561556.9559448748,1564797.4345185093,9202291.456661195,1.5615569559448748,1.5647974345185094,9.202291456661195,0.2593948431802118
Colombia,Antioquia,ssp245,mid_term,0.13425281870225445,0.06712640935112722,630.9882479005959,9400,5.5,Delayed Transition,2050,Low Risk (<20%),0.0036685363250034643,0.0029348290600027718,1.0029348290600029,3.51027190171001,2208458.8676520856,2214940.316914692,13014499.466582293,2.2084588676520855,2.214940316914692,13.014499466582294,0.3668536325003464
Colombia,Antioquia,ssp585,near_term,0.10139355706027708,0.05069677853013854,476.5497181833023,9400,5.5,Current Policies,2030,Low Risk (<20%),0.002770637896414548,0.0022165103171316383,1.0022165103171317,3.507757786109961,1667924.013641558,1671620.9844259862,9829115.001320252,1.6679240136415578,1.6716209844259862,9.829115001320252,0.2770637896414548
Colombia,Antioquia,ssp585,mid_term,0.1720769786334131,0.08603848931670655,808.7617995770415,9400,5.5,Current Policies,2050,Low Risk (<20%),0.004702103485913032,0.0037616827887304257,1.0037616827887303,3.513165889760556,2830666.2985196454,2841314.3672154257,16681182.326625077,2.8306662985196454,2.8413143672154257,16.681182326625077,0.47021034859130323
Colombia,Tolima,ssp126,near_term,0.040027310418803246,0.020013655209401623,120.08193125640973,6000,3.5,Net-Zero 2050,2030,Low Risk (<20%),0.0006981507631186613,0.0005585206104949291,1.000558520610495,3.5019548221367325,420286.75939743407,420521.4982148757,2476759.6472397633,0.4202867593974341,0.4205214982148757,2.4767596472397635,0.06981507631186613
Colombia,Tolima,ssp126,mid_term,0.03311397484983317,0.016556987424916587,99.34192454949952,6000,3.5,Net-Zero 2050,2050,Low Risk (<20%),0.00057756932877616,0.0004620554630209281,1.000462055463021,3.5016171941205734,347696.73592324834,347857.39109955623,2048984.950766306,0.34769673592324835,0.3478573910995562,2.048984950766306,0.057756932877616005
Colombia,Tolima,ssp245,near_term,0.04253904838594608,0.02126952419297304,127.61714515783822,6000,3.5,Delayed Transition,2030,Low Risk (<20%),0.0007419601462665012,0.000593568117013201,1.0005935681170133,3.5020774884095465,446660.0080524338,446925.1311923586,2632177.814895041,0.4466600080524338,0.4469251311923586,2.6321778148950408,0.07419601462665013
Colombia,Tolima,ssp245,mid_term,0.043729852880490916,0.021864926440245458,131.18955864147276,6000,3.5,Delayed Transition,2050,Low Risk (<20%),0.0007627299921015857,0.0006101839936812686,1.0006101839936812,3.5021356439778843,459163.4552451546,459443.6294360286,2705860.9199795863,0.4591634552451546,0.4594436294360286,2.705860919979586,0.07627299921015858
Colombia,Tolima,ssp585,near_term,0.040985147564345965,0.020492573782172983,122.9554426930379,6000,3.5,Current Policies,2030,Low Risk (<20%),0.0007148572249595226,0.0005718857799676181,1.0005718857799677,3.502001600229887,430344.04942563263,430590.1570679929,2536027.4912664033,0.43034404942563265,0.4305901570679929,2.5360274912664034,0.07148572249595227
Colombia,Tolima,ssp585,mid_term,0.05685532104773444,0.02842766052386722,170.56596314320333,6000,3.5,Current Policies,2050,Low Risk (<20%),0.000991662576413973,0.0007933300611311783,1.0007933300611311,3.502776655213959,596980.8710012116,597454.4738720971,3518022.1560862106,0.5969808710012116,0.597454473872097,3.518022156086211,0.09916625764139729
Colombia,Cauca,ssp126,near_term,0.057267598037607975,0.028633799018803988,123.12533578085714,4300,2.5,Net-Zero 2050,2030,Low Risk (<20%),0.0007158449754700996,0.0005726759803760797,1.0005726759803761,3.5020043659313167,430938.675233,431185.4634613211,2539531.6349777263,0.430938675233,0.4311854634613211,2.539531634977726,0.07158449754700996
Colombia,Cauca,ssp126,mid_term,0.0528162102913484,0.0264081051456742,113.55485212639906,4300,2.5,Net-Zero 2050,2050,Low Risk (<20%),0.000660202628641855,0.000528162102913484,1.0005281621029134,3.501848567360197,397441.9824423967,397651.89623562957,2342134.845369845,0.3974419824423967,0.3976518962356296,2.342134845369845,0.0660202628641855
Colombia,Cauca,ssp245,near_term,0.07140787668060512,0.03570393834030256,153.52693486330102,4300,2.5,Delayed Transition,2030,Low Risk (<20%),0.000892598458507564,0.0007140787668060513,1.000714078766806,3.5024992756838214,537344.2720215536,537727.9781566691,3166582.291401435,0.5373442720215535,0.5377279781566691,3.166582291401435,0.0892598458507564
Colombia,Cauca,ssp245,mid_term,0.06347240198217333,0.03173620099108666,136.46566426167266,4300,2.5,Delayed Transition,2050,Low Risk (<20%),0.0007934050247771666,0.0006347240198217334,1.0006347240198217,3.502221534069376,477629.82491585426,477932.9880383116,2814683.6658994765,0.47762982491585426,0.4779329880383116,2.8146836658994765,0.07934050247771667
Colombia,Cauca,ssp585,near_term,0.08449966153781863,0.04224983076890931,181.67427230631006,4300,2.5,Current Policies,2030,Low Risk (<20%),0.001056245769222733,0.0008449966153781864,1.0008449966153783,3.502957488153824,635859.9530720853,636397.2525802858,3747137.490894568,0.6358599530720853,0.6363972525802858,3.747137490894568,0.1056245769222733
Colombia,Cauca,ssp585,mid_term,0.05680606544110924,0.02840303272055462,122.13304069838487,4300,2.5,Current Policies,2050,Low Risk (<20%),0.0007100758180138655,0.0005680606544110925,1.0005680606544112,3.5019882122904393,427465.6424443471,427708.46885693236,2519064.97198599,0.4274656424443471,0.42770846885693237,2.51906497198599,0.07100758180138655
Brazil,Minas Gerais Sul,ssp126,near_term,0.06409321416384774,0.03204660708192387,439.038517022357,13700,8.0,Net-Zero 2050,2030,Low Risk (<20%),0.002552549517571843,0.0020420396140574744,1.0020420396140575,3.5071471386492012,1536634.8095782495,1539772.678731748,9055424.668537872,1.5366348095782494,1.5397726787317478,9.055424668537873,0.25525495175718427
Brazil,Minas Gerais Sul,ssp126,mid_term,0.07342787101454451,0.036713935507272255,502.9809164496299,13700,8.0,Net-Zero 2050,2050,Low Risk (<20%),0.002924307653776918,0.0023394461230215346,1.0023394461230215,3.5081880614305754,1760433.2075737047,1764551.6462160011,10374273.832538996,1.7604332075737046,1.7645516462160011,10.374273832538996,0.2924307653776918
Brazil,Minas Gerais Sul,ssp245,near_term,0.06482690949284006,0.03241345474642003,444.0643300259544,13700,8.0,Delayed Transition,2030,Low Risk (<20%),0.002581769360616014,0.002065415488492811,1.0020654154884927,3.5072289542097246,1554225.1550908405,1557435.2757987701,9159084.983721374,1.5542251550908406,1.5574352757987702,9.159084983721373,0.2581769360616014
Brazil,Minas Gerais Sul,ssp245,mid_term,0.09849232936825136,0.04924616468412568,674.6724561725218,13700,8.0,Delayed Transition,2050,Low Risk (<20%),0.003922514280072801,0.0031380114240582412,1.0031380114240582,3.510983039984204,2361353.596603826,2368763.5511662103,13915511.659986272,2.361353596603826,2.3687635511662104,13.915511659986272,0.39225142800728013
Brazil,Minas Gerais Sul,ssp585,near_term,0.06598950605967548,0.03299475302983774,452.02811650877703,13700,8.0,Current Policies,2030,Low Risk (<20%),0.0026280704448184713,0.002102456355854777,1.0021024563558547,3.5073585972454913,1582098.4077807195,1585424.7006337456,9323342.71003801,1.5820984077807194,1.5854247006337456,9.32334271003801,0.2628070444818471
Brazil,Minas Gerais Sul,ssp585,mid_term,0.10649537971187965,0.05324768985593983,729.4933510263756,13700,8.0,Current Policies,2050,Low Risk (<20%),0.004241240412944045,0.003392992330355236,1.0033929923303553,3.5118754731562434,2553226.7285923148,2561889.8073000866,15046224.488960296,2.553226728592315,2.5618898073000866,15.046224488960297,0.42412404129440445
Brazil,São Paulo,ssp126,near_term,0.09715995257243049,0.04857997628621524,335.2018363748852,6900,4.0,Net-Zero 2050,2030,Low Risk (<20%),0.0019488478859004954,0.0015590783087203965,1.0015590783087205,3.5054567740805216,1173206.4273120982,1175035.548004572,6913732.7600206,1.1732064273120981,1.175035548004572,6.9137327600206,0.19488478859004954
Brazil,São Paulo,ssp126,mid_term,0.10435534315663972,0.05217767157831986,360.02593389040703,6900,4.0,Net-Zero 2050,2050,Low Risk (<20%),0.0020931740342465524,0.001674539227397242,1.0016745392273971,3.50586088729589,1260090.7686164246,1262200.8400385538,7425744.203893071,1.2600907686164247,1.2622008400385538,7.425744203893071,0.20931740342465524
Brazil,São Paulo,ssp245,near_term,0.12346745485524296,0.06173372742762148,425.96271925058824,6900,4.0,Delayed Transition,2030,Low Risk (<20%),0.00247652743750342,0.001981221950002736,1.0019812219500028,3.50693427682501,1490869.5173770587,1493823.2607894763,8785728.737287134,1.4908695173770588,1.4938232607894764,8.785728737287133,0.247652743750342
Brazil,São Paulo,ssp245,mid_term,0.15588949525967472,0.07794474762983736,537.8187586458778,6900,4.0,Delayed Transition,2050,Low Risk (<20%),0.00312685324794115,0.0025014825983529203,1.002501482598353,3.5087551890942352,1882365.6552605724,1887074.3601909438,11092824.582396027,1.8823656552605725,1.8870743601909439,11.092824582396027,0.312685324794115
Brazil,São Paulo,ssp585,near_term,0.123160211448092,0.061580105724046,424.9027294959174,6900,4.0,Current Policies,2030,Low Risk (<20%),0.0024703647063716127,0.0019762917650972905,1.0019762917650974,3.506917021177841,1487159.5532357108,1490098.6144141564,8763865.832323935,1.487159553235711,1.4900986144141564,8.763865832323935,0.24703647063716128
Brazil,São Paulo,ssp585,mid_term,0.16380172175655025,0.08190086087827513,565.1159400600984,6900,4.0,Current Policies,2050,Low Risk (<20%),0.003285557791047084,0.002628446232837667,1.0026284462328376,3.5091995618149316,1977905.7902103444,1983104.6092335305,11655844.819518637,1.9779057902103443,1.9831046092335305,11.655844819518636,0.3285557791047084
Brazil,Espírito Santo,ssp126,near_term,0.14430927473233898,0.07215463736616949,375.2041143040814,5200,3.0,Net-Zero 2050,2030,Low Risk (<20%),0.0021814192692097755,0.0017451354153678205,1.001745135415368,3.506107973953788,1313214.4000642847,1315506.1370218082,7738802.999448601,1.3132144000642847,1.3155061370218082,7.738802999448601,0.21814192692097756
Brazil,Espírito Santo,ssp126,mid_term,0.1567172125815705,0.07835860629078525,407.46475271208334,5200,3.0,Net-Zero 2050,2050,Low Risk (<20%),0.0023689811204190892,0.0018951848963352715,1.0018951848963353,3.5066331471371734,1426126.6344922916,1428829.4081502429,8404197.422798762,1.4261266344922916,1.4288294081502428,8.404197422798761,0.23689811204190891
Brazil,Espírito Santo,ssp245,near_term,0.10077285345469136,0.05038642672734568,262.00941898219753,5200,3.0,Delayed Transition,2030,Low Risk (<20%),0.0015233105754778927,0.0012186484603823142,1.0012186484603822,3.504265269611338,917032.9664376914,918150.5072503604,5404096.597565373,0.9170329664376914,0.9181505072503604,5.404096597565373,0.15233105754778928
Brazil,Espírito Santo,ssp245,mid_term,0.1365129697417142,0.0682564848708571,354.9337213284569,5200,3.0,Delayed Transition,2050,Low Risk (<20%),0.00206356814725847,0.0016508545178067762,1.0016508545178067,3.5057779908123234,1242268.024649599,1244318.8284304186,7320714.359214151,1.2422680246495992,1.2443188284304185,7.3207143592141515,0.20635681472584702
Brazil,Espírito Santo,ssp585,near_term,0.102053783725627,0.0510268918628135,265.3398376866302,5200,3.0,Current Policies,2030,Low Risk (<20%),0.0015426734749222684,0.001234138779937815,1.0012341387799377,3.504319485729782,928689.4319032057,929835.5635456358,5472788.419634242,0.9286894319032057,0.9298355635456358,5.472788419634242,0.15426734749222684
Brazil,Espírito Santo,ssp585,mid_term,0.14498574463411934,0.07249287231705967,376.9629360487103,5200,3.0,Current Policies,2050,Low Risk (<20%),0.002191644977027385,0.0017533159816219082,1.0017533159816219,3.5061366059356764,1319370.276170486,1321683.5491613725,7775079.720502353,1.319370276170486,1.3216835491613725,7.775079720502354,0.21916449770273852
Guatemala,Huehuetenango,ssp126,near_term,0.03543458877375815,0.017717294386879075,152.36873172716005,8600,5.0,Net-Zero 2050,2030,Low Risk (<20%),0.0008858647193439537,0.000708691775475163,1.000708691775475,3.5024804212141625,533290.5610450602,533668.4996796113,3142693.678344611,0.5332905610450601,0.5336684996796113,3.142693678344611,0.08858647193439538
Guatemala,Huehuetenango,ssp126,mid_term,0.03738732492667623,0.018693662463338114,160.76549718470778,8600,5.0,Net-Zero 2050,2050,Low Risk (<20%),0.0009346831231669057,0.0007477464985335246,1.0007477464985335,3.502617112744867,562679.2401464772,563099.9815780942,3315881.8477469156,0.5626792401464772,0.5630999815780942,3.315881847746916,0.09346831231669056
Guatemala,Huehuetenango,ssp245,near_term,0.033106872094213036,0.016553436047106518,142.35955000511606,8600,5.0,Delayed Transition,2030,Low Risk (<20%),0.0008276718023553259,0.0006621374418842608,1.0006621374418843,3.502317481046595,498258.42501790624,498588.3405768449,2936248.486035755,0.49825842501790624,0.49858834057684487,2.9362484860357547,0.08276718023553259
Guatemala,Huehuetenango,ssp245,mid_term,0.03879459524084814,0.01939729762042407,166.816759535647,8600,5.0,Delayed Transition,2050,Low Risk (<20%),0.0009698648810212036,0.0007758919048169629,1.0007758919048169,3.502715621666859,583858.6583747645,584311.6695813547,3440692.6519108224,0.5838586583747645,0.5843116695813547,3.4406926519108225,0.09698648810212035
Guatemala,Huehuetenango,ssp585,near_term,0.03717169401369757,0.018585847006848785,159.83828425889953,8600,5.0,Current Policies,2030,Low Risk (<20%),0.0009292923503424392,0.0007434338802739513,1.0007434338802739,3.5026020185809585,559433.9949061484,559849.8970917385,3296757.542074838,0.5594339949061484,0.5598498970917385,3.2967575420748383,0.09292923503424391
Guatemala,Huehuetenango,ssp585,mid_term,0.05013938304461772,0.02506969152230886,215.5993470918562,8600,5.0,Current Policies,2050,Low Risk (<20%),0.0012534845761154431,0.0010027876608923545,1.0010027876608925,3.5035097568131235,754597.7148214967,755354.4160988573,4446861.882227147,0.7545977148214967,0.7553544160988573,4.446861882227147,0.1253484576115443
Guatemala,Antigua,ssp126,near_term,0.03513148751049303,0.017565743755246516,121.20363191120096,6900,4.0,Net-Zero 2050,2030,Low Risk (<20%),0.0007046722785534939,0.0005637378228427951,1.0005637378228427,3.5019730823799495,424212.71168920334,424451.8564397132,2499895.3753963755,0.4242127116892033,0.4244518564397132,2.4998953753963757,0.0704672278553494
Guatemala,Antigua,ssp126,mid_term,0.034735098472423856,0.017367549236211928,119.83608972986231,6900,4.0,Net-Zero 2050,2050,Low Risk (<20%),0.0006967214519178041,0.0005573771615342433,1.0005573771615341,3.5019508200653693,419426.31405451806,419660.09270291845,2471689.0228236024,0.4194263140545181,0.41966009270291843,2.4716890228236026,0.06967214519178042
Guatemala,Antigua,ssp245,near_term,0.028587431828468117,0.014293715914234058,98.626639808215,6900,4.0,Delayed Transition,2030,Low Risk (<20%),0.0005734106965593896,0.0004587285572475117,1.0004587285572475,3.501605549950366,345193.2393287525,345351.58932540135,2034231.7871140908,0.3451932393287525,0.34535158932540133,2.034231787114091,0.05734106965593896
Guatemala,Antigua,ssp245,mid_term,0.04513787365376487,0.022568936826882435,155.72566410548882,6900,4.0,Delayed Transition,2050,Low Risk (<20%),0.0009053817680551676,0.0007243054144441341,1.0007243054144441,3.5025350689505546,545039.8243692109,545434.5996650893,3211932.3603525134,0.5450398243692108,0.5454345996650892,3.211932360352513,0.09053817680551676
Guatemala,Antigua,ssp585,near_term,0.03692564206544777,0.018462821032723883,127.39346512579479,6900,4.0,Current Policies,2030,Low Risk (<20%),0.0007406596809639232,0.0005925277447711387,1.0005925277447711,3.502073847106699,445877.12794028176,446141.3225093452,2627564.2841876145,0.4458771279402818,0.4461413225093452,2.6275642841876143,0.07406596809639232
Guatemala,Antigua,ssp585,mid_term,0.0681984852062073,0.03409924260310365,235.2847739614152,6900,4.0,Current Policies,2050,Low Risk (<20%),0.0013679347323338094,0.0010943477858670475,1.0010943477858671,3.503830217250535,823496.7088649531,824397.9006649684,4852885.256427423,0.8234967088649532,0.8243979006649684,4.852885256427423,0.13679347323338092
Guatemala,Atitlán,ssp126,near_term,0.037731487510493024,0.018865743755246512,113.19446253147908,6000,3.5,Net-Zero 2050,2030,Low Risk (<20%),0.000658107340299297,0.0005264858722394376,1.0005264858722394,3.501842700552838,396180.61886017676,396389.2023588617,2334701.6004457865,0.39618061886017675,0.3963892023588617,2.3347016004457863,0.0658107340299297
Guatemala,Atitlán,ssp126,mid_term,0.037335098472423854,0.018667549236211927,112.00529541727157,6000,3.5,Net-Zero 2050,2050,Low Risk (<20%),0.0006511935780073928,0.0005209548624059143,1.0005209548624059,3.5018233420184206,392018.5339604505,392222.7579218704,2310174.3373390273,0.3920185339604505,0.3922227579218704,2.3101743373390273,0.06511935780073928
Guatemala,Atitlán,ssp245,near_term,0.031187431828468108,0.015593715914234054,93.56229548540432,6000,3.5,Delayed Transition,2030,Low Risk (<20%),0.000543966834217467,0.00043517346737397363,1.000435173467374,3.501523107135809,327468.0341989151,327610.5395988116,1929776.7410698864,0.3274680341989151,0.3276105395988116,1.9297767410698863,0.0543966834217467
Guatemala,Atitlán,ssp245,mid_term,0.047303684810991405,0.023651842405495702,141.91105443297423,6000,3.5,Delayed Transition,2050,Low Risk (<20%),0.0008250642699591525,0.000660051415967322,1.0006600514159674,3.502310179955886,496688.6905154098,497016.5305888795,2926998.00410709,0.4966886905154098,0.49701653058887946,2.92699800410709,0.08250642699591525
Guatemala,Atitlán,ssp585,near_term,0.03952564206544776,0.01976282103272388,118.57692619634328,6000,3.5,Current Policies,2030,Low Risk (<20%),0.0006894007336996702,0.0005515205869597361,1.0005515205869597,3.501930322054359,415019.2416872015,415248.1333429764,2445718.042872951,0.4150192416872015,0.4152481333429764,2.445718042872951,0.06894007336996702
Guatemala,Atitlán,ssp585,mid_term,0.05954848520620726,0.02977424260310363,178.64545561862178,6000,3.5,Current Policies,2050,Low Risk (<20%),0.001038636369875708,0.0008309090959005665,1.0008309090959007,3.5029081818356524,625259.0946651762,625778.6281342282,3684666.3857710627,0.6252590946651763,0.6257786281342281,3.6846663857710626,0.10386363698757081
Ethiopia,Yirgacheffe,ssp126,near_term,0.018120303491596136,0.009060151745798068,54.36091047478841,6000,3.5,Net-Zero 2050,2030,Low Risk (<20%),0.00031605180508597914,0.00025284144406878333,1.0002528414440688,3.5008849450542407,190263.18666175945,190311.29308062812,1121225.3837230199,0.19026318666175945,0.19031129308062814,1.12122538372302,0.03160518050859791
Ethiopia,Yirgacheffe,ssp126,mid_term,0.0220396983709652,0.0110198491854826,66.1190951128956,6000,3.5,Net-Zero 2050,2050,Low Risk (<20%),0.00038441334367962556,0.00030753067494370046,1.0003075306749436,3.5010763573623027,231416.83289513458,231488.00066994815,1363744.7780378398,0.23141683289513457,0.23148800066994815,1.3637447780378398,0.03844133436796256
Ethiopia,Yirgacheffe,ssp245,near_term,0.01796323866839521,0.008981619334197605,53.88971600518563,6000,3.5,Delayed Transition,2030,Low Risk (<20%),0.0003133123023557304,0.0002506498418845843,1.0002506498418846,3.500877274446596,188614.00601814972,188661.28208893538,1111506.7238371896,0.18861400601814973,0.18866128208893537,1.1115067238371896,0.03133123023557304
Ethiopia,Yirgacheffe,ssp245,mid_term,0.015588767217937859,0.007794383608968929,46.76630165381358,6000,3.5,Delayed Transition,2050,Low Risk (<20%),0.000271897102638451,0.00021751768211076083,1.0002175176821109,3.500761311887388,163682.05578834753,163717.65952972576,964582.1613201691,0.16368205578834752,0.16371765952972575,0.9645821613201692,0.0271897102638451
Ethiopia,Yirgacheffe,ssp585,near_term,0.01998347074980848,0.00999173537490424,59.95041224942543,6000,3.5,Current Policies,2030,Low Risk (<20%),0.00034854890842689204,0.0002788391267415136,1.0002788391267414,3.500975936943595,209826.44287298902,209884.950695087,1236512.1075352426,0.20982644287298902,0.209884950695087,1.2365121075352425,0.0348548908426892
Ethiopia,Yirgacheffe,ssp585,mid_term,0.018180509084602822,0.009090254542301411,54.54152725380847,6000,3.5,Current Policies,2050,Low Risk (<20%),0.00031710190263842134,0.0002536815221107371,1.0002536815221108,3.500887885327388,190895.34538832965,190943.77201011163,1124950.7098000639,0.19089534538832964,0.19094377201011162,1.124950709800064,0.031710190263842135
Ethiopia,Sidamo,ssp126,near_term,0.012977237085346134,0.006488618542673067,27.901059733494186,4300,2.5,Net-Zero 2050,2030,Low Risk (<20%),0.00016221546356682667,0.00012977237085346133,1.0001297723708535,3.5004542032979873,97653.70906722965,97666.38182057794,575475.5785496744,0.09765370906722964,0.09766638182057794,0.5754755785496743,0.016221546356682666
Ethiopia,Sidamo,ssp126,mid_term,0.0199718272772152,0.0099859136386076,42.93942864601268,4300,2.5,Net-Zero 2050,2050,Low Risk (<20%),0.00024964784096519,0.000199718272772152,1.0001997182727722,3.5006990139547027,150288.0002610444,150318.0155208749,885650.6806081083,0.15028800026104439,0.1503180155208749,0.8856506806081083,0.024964784096518998
Ethiopia,Sidamo,ssp245,near_term,0.013749859762145208,0.006874929881072604,29.562198488612196,4300,2.5,Delayed Transition,2030,Low Risk (<20%),0.00017187324702681509,0.00013749859762145209,1.0001374985976215,3.500481245091675,103467.69471014269,103481.92137306446,609737.5311523294,0.1034676947101427,0.10348192137306446,0.6097375311523294,0.017187324702681507
Ethiopia,Sidamo,ssp245,mid_term,0.014588767217937858,0.007294383608968929,31.365849518566396,4300,2.5,Delayed Transition,2050,Low Risk (<20%),0.00018235959022422322,0.00014588767217937857,1.0001458876721794,3.500510606852628,109780.47331498239,109796.48893268507,646938.8822794545,0.10978047331498239,0.10979648893268507,0.6469388822794545,0.018235959022422324
Ethiopia,Sidamo,ssp585,near_term,0.013856029343558477,0.006928014671779239,29.790463088650725,4300,2.5,Current Policies,2030,Low Risk (<20%),0.00017320036679448095,0.00013856029343558475,1.0001385602934356,3.5004849610270248,104266.62081027754,104281.06802385255,614445.6212401008,0.10426662081027754,0.10428106802385255,0.6144456212401008,0.017320036679448095
Ethiopia,Sidamo,ssp585,mid_term,0.017180509084602818,0.008590254542301409,36.938094531896056,4300,2.5,Current Policies,2050,Low Risk (<20%),0.0002147563635575352,0.00017180509084602818,1.0001718050908461,3.5006013178179614,129283.3308616362,129305.54239603977,761869.6753567122,0.1292833308616362,0.12930554239603978,0.7618696753567122,0.02147563635575352
Ethiopia,Harrar,ssp126,near_term,0.0135432227057172,0.0067716113528586,17.606189517432362,2600,1.5,Net-Zero 2050,2030,Low Risk (<20%),0.00010236156696181606,8.188925356945284e-05,1.0000818892535694,3.500286612387493,61621.66331101327,61626.709463025516,363137.8949537387,0.06162166331101327,0.061626709463025516,0.3631378949537387,0.010236156696181605
Ethiopia,Harrar,ssp126,mid_term,0.017543304661638105,0.008771652330819052,22.806296060129537,2600,1.5,Net-Zero 2050,2050,Low Risk (<20%),0.00013259474453563685,0.00010607579562850949,1.0001060757956286,3.5003712652847003,79822.03621045339,79830.5033964531,470393.1157146254,0.07982203621045339,0.0798305033964531,0.4703931157146254,0.013259474453563685
Ethiopia,Harrar,ssp245,near_term,0.013331220463267528,0.006665610231633764,17.330586602247788,2600,1.5,Delayed Transition,2030,Low Risk (<20%),0.00010075922443167319,8.060737954533855e-05,1.0000806073795454,3.500282125828409,60657.053107867265,60661.94251396923,357453.4245938039,0.060657053107867266,0.06066194251396923,0.35745342459380386,0.010075922443167318
Ethiopia,Harrar,ssp245,mid_term,0.018647743669687772,0.009323871834843886,24.242066770594104,2600,1.5,Delayed Transition,2050,Low Risk (<20%),0.0001409422486662448,0.00011275379893299583,1.000112753798933,3.500394638296265,84847.23369707937,84856.80054500766,500006.72136837017,0.08484723369707937,0.08485680054500766,0.5000067213683702,0.01409422486662448
Ethiopia,Harrar,ssp585,near_term,0.012711317517096178,0.006355658758548089,16.524712772225033,2600,1.5,Current Policies,2030,Low Risk (<20%),9.60739114664246e-05,7.685912917313969e-05,1.000076859129173,3.500269006952106,57836.49470278762,57840.9399654049,340831.80831828807,0.05783649470278762,0.057840939965404896,0.3408318083182881,0.00960739114664246
Ethiopia,Harrar,ssp585,mid_term,0.020132103840704074,0.010066051920352037,26.171734992915297,2600,1.5,Current Policies,2050,Low Risk (<20%),0.00015216124995880986,0.0001217289999670479,1.000121728999967,3.500426051499885,91601.07247520355,91612.22298215187,539807.250353874,0.09160107247520355,0.09161222298215187,0.539807250353874,0.015216124995880986
Ethiopia,Kaffa,ssp126,near_term,0.03473773132977076,0.01736886566488538,14.937224471801427,860,0.5,Net-Zero 2050,2030,Low Risk (<20%),8.68443283244269e-05,6.947546265954152e-05,1.0000694754626596,3.5002431641193086,52280.28565130499,52283.91784833859,308088.93916373694,0.05228028565130499,0.05228391784833859,0.3080889391637369,0.00868443283244269
Ethiopia,Kaffa,ssp126,mid_term,0.03829855375378392,0.01914927687689196,16.468378114127088,860,0.5,Net-Zero 2050,2050,Low Risk (<20%),9.574638438445981e-05,7.659710750756786e-05,1.0000765971075076,3.500268089876277,57639.32339944481,57643.73840489591,339669.8732423097,0.05763932339944481,0.05764373840489591,0.33966987324230974,0.00957463843844598
Ethiopia,Kaffa,ssp245,near_term,0.06467533235033039,0.032337666175165196,27.81039291064207,860,0.5,Delayed Transition,2030,Low Risk (<20%),0.00016168833087582598,0.00012935066470066078,1.0001293506647007,3.5004527273264525,97336.37518724723,97348.96571207728,573605.5226150804,0.09733637518724723,0.09734896571207728,0.5736055226150804,0.016168833087582598
Ethiopia,Kaffa,ssp245,mid_term,0.11077094667372292,0.05538547333686146,47.63150706970085,860,0.5,Delayed Transition,2050,Low Risk (<20%),0.00027692736668430727,0.00022154189334744584,1.0002215418933476,3.5007753966267163,166710.27474395296,166747.20805386023,982427.5260492486,0.16671027474395297,0.16674720805386023,0.9824275260492487,0.027692736668430726
Ethiopia,Kaffa,ssp585,near_term,0.07360869473954659,0.036804347369773296,31.651738738005037,860,0.5,Current Policies,2030,Low Risk (<20%),0.0001840217368488665,0.0001472173894790932,1.0001472173894792,3.5005152608631773,110781.08558301762,110797.39448524083,652835.5136450389,0.11078108558301762,0.11079739448524083,0.6528355136450389,0.018402173684886648
Ethiopia,Kaffa,ssp585,mid_term,0.052960770569648555,0.026480385284824277,22.77313134494888,860,0.5,Current Policies,2050,Low Risk (<20%),0.0001324019264241214,0.00010592154113929713,1.0001059215411392,3.5003707253939873,79705.95970732108,79714.40228541127,469709.07418221317,0.07970595970732107,0.07971440228541127,0.4697090741822132,0.01324019264241214
Kenya,Central Highlands,ssp126,near_term,0.0405615876307711,0.02028079381538555,103.4320484584663,5100,3.0,Net-Zero 2050,2030,Low Risk (<20%),0.0006013491189445715,0.0004810792951556572,1.0004810792951557,3.501683777533045,362012.169604632,362186.3261640232,2133346.134367762,0.362012169604632,0.3621863261640232,2.133346134367762,0.060134911894457146
Kenya,Central Highlands,ssp126,mid_term,0.03965682683361229,0.019828413416806145,101.12490842571134,5100,3.0,Net-Zero 2050,2050,Low Risk (<20%),0.0005879355141029729,0.00047034841128237837,1.0004703484112825,3.501646219439489,353937.1794899897,354103.6532800566,2085760.0298317072,0.3539371794899897,0.3541036532800566,2.0857600298317074,0.05879355141029729
Kenya,Central Highlands,ssp245,near_term,0.04341968931350858,0.02170984465675429,110.72020774944687,5100,3.0,Delayed Transition,2030,Low Risk (<20%),0.0006437221380781795,0.0005149777104625436,1.0005149777104625,3.5018024219866186,387520.72712306405,387720.2916598746,2283668.65704615,0.38752072712306407,0.3877202916598746,2.28366865704615,0.06437221380781795
Kenya,Central Highlands,ssp245,mid_term,0.04778398391837254,0.02389199195918627,121.84915899184998,5100,3.0,Delayed Transition,2050,Low Risk (<20%),0.0007084253429758719,0.0005667402743806976,1.0005667402743808,3.5019835909603327,426472.05647147493,426713.7553617753,2513209.746741204,0.42647205647147496,0.4267137553617753,2.5132097467412042,0.07084253429758719
Kenya,Central Highlands,ssp585,near_term,0.025130447584670035,0.012565223792335017,64.0826413409086,5100,3.0,Current Policies,2030,Low Risk (<20%),0.0003725734961680732,0.0002980587969344586,1.0002980587969346,3.501043205789271,224289.24469318008,224356.0960756187,1321741.735005857,0.22428924469318007,0.2243560960756187,1.321741735005857,0.03725734961680732
Kenya,Central Highlands,ssp585,mid_term,0.06898057910846546,0.03449028955423273,175.90047672658693,5100,3.0,Current Policies,2050,Low Risk (<20%),0.0010226771902708542,0.0008181417522166835,1.0008181417522166,3.502863496132758,615651.6685430543,616155.3588779111,3628049.6002048836,0.6156516685430543,0.6161553588779111,3.6280496002048834,0.10226771902708542
Kenya,Rift Valley,ssp126,near_term,0.07495984940727553,0.037479924703637764,97.44780422945819,2600,1.5,Net-Zero 2050,2030,Low Risk (<20%),0.0005665570013340593,0.0004532456010672474,1.0004532456010673,3.5015863596037358,341067.3148031036,341221.902063206,2009917.617932709,0.34106731480310365,0.341221902063206,2.0099176179327087,0.05665570013340593
Kenya,Rift Valley,ssp126,mid_term,0.010038375407767792,0.005019187703883896,13.04988803009813,2600,1.5,Net-Zero 2050,2050,Low Risk (<20%),7.587144203545424e-05,6.069715362836339e-05,1.0000606971536283,3.500212440037699,45674.608105343454,45677.38042404853,269161.52776497754,0.045674608105343455,0.045677380424048536,0.26916152776497754,0.007587144203545424
Kenya,Rift Valley,ssp245,near_term,0.03187859852270534,0.01593929926135267,41.44217807951694,2600,1.5,Delayed Transition,2030,Low Risk (<20%),0.00024094289581114503,0.00019275431664891602,1.000192754316649,3.5006746401082713,145047.6232783093,145075.58183381584,854769.0171796182,0.1450476232783093,0.14507558183381583,0.8547690171796183,0.0240942895811145
Kenya,Rift Valley,ssp245,mid_term,0.07306977535070232,0.03653488767535116,94.99070795591301,2600,1.5,Delayed Transition,2050,Low Risk (<20%),0.0005522715578832152,0.0004418172463065722,1.0004418172463065,3.501546360362073,332467.4778456955,332614.3677112438,1959238.5787464946,0.3324674778456955,0.3326143677112438,1.9592385787464945,0.05522715578832152
Kenya,Rift Valley,ssp585,near_term,0.016255667662558454,0.008127833831279227,21.13236796132599,2600,1.5,Current Policies,2030,Low Risk (<20%),0.0001228626044263139,9.829008354105113e-05,1.0000982900835411,3.500344015292394,73963.28786464097,73970.55772238415,435867.37546279124,0.07396328786464097,0.07397055772238416,0.43586737546279125,0.01228626044263139
Kenya,Rift Valley,ssp585,mid_term,0.050299657772605616,0.025149828886302808,65.3895551043873,2600,1.5,Current Policies,2050,Low Risk (<20%),0.0003801718320022517,0.00030413746560180137,1.0003041374656019,3.5010644811296068,228863.44286535555,228933.04881283754,1348697.5912111886,0.22886344286535557,0.22893304881283755,1.3486975912111885,0.03801718320022517
Costa Rica,Tarrazú,ssp126,near_term,0.14523983406089247,0.07261991703044623,501.077427510079,6900,4.0,Net-Zero 2050,2030,Low Risk (<20%),0.0029132408576167386,0.002330592686093391,1.0023305926860935,3.508157074401327,1753770.9962852765,1757858.3221423018,10335013.266481142,1.7537709962852766,1.7578583221423019,10.335013266481143,0.29132408576167385
Costa Rica,Tarrazú,ssp126,mid_term,0.13676707948185504,0.06838353974092752,471.8464242123999,6900,4.0,Net-Zero 2050,2050,Low Risk (<20%),0.002743293164025581,0.0021946345312204647,1.0021946345312205,3.5076812208592716,1651462.4847433995,1655086.8413394326,9732106.828697152,1.6514624847433996,1.6550868413394326,9.732106828697152,0.2743293164025581
Costa Rica,Tarrazú,ssp245,near_term,0.24702624904364345,0.1352696867827326,933.3608388008549,6900,4.0,Delayed Transition,2030,Low Risk (<20%),0.005426516504656133,0.004341213203724907,1.0043412132037248,3.5151942462130368,3266762.9358029924,3280944.650193339,19251109.951918103,3.2667629358029924,3.280944650193339,19.251109951918103,0.5426516504656133
Costa Rica,Tarrazú,ssp245,mid_term,0.24089858315140006,0.13067393736355004,901.6501678084953,6900,4.0,Delayed Transition,2050,Low Risk (<20%),0.005242152138421484,0.004193721710737188,1.0041937217107373,3.5146780259875805,3155775.5873297337,3169010.031924533,18597058.926264063,3.1557755873297335,3.1690100319245333,18.59705892626406,0.5242152138421484
Costa Rica,Tarrazú,ssp585,near_term,0.20920654354616997,0.10690490765962747,737.6438628514295,6900,4.0,Current Policies,2030,Low Risk (<20%),0.004288627109601335,0.003430901687681068,1.003430901687681,3.5120081559068836,2581753.519980003,2590611.2624888793,15214333.534021698,2.581753519980003,2.590611262488879,15.214333534021698,0.42886271096013345
Costa Rica,Tarrazú,ssp585,mid_term,0.08698393242247403,0.043491966211237014,300.09456685753537,6900,4.0,Current Policies,2050,Low Risk (<20%),0.00174473585382288,0.0013957886830583042,1.0013957886830582,3.504885260390704,1050330.9840013739,1051797.0241023083,6189624.915022051,1.050330984001374,1.0517970241023082,6.189624915022051,0.17447358538228802
Costa Rica,West Valley,ssp126,near_term,0.13493634259290999,0.06746817129645499,404.80902777872996,6000,3.5,Net-Zero 2050,2030,Low Risk (<20%),0.0023535408591786626,0.00188283268734293,1.001882832687343,3.5065899144057004,1416831.597225555,1419499.2540692715,8349421.552022225,1.416831597225555,1.4194992540692715,8.349421552022225,0.23535408591786625
Costa Rica,West Valley,ssp126,mid_term,0.12535562322810295,0.06267781161405148,376.06686968430887,6000,3.5,Net-Zero 2050,2050,Low Risk (<20%),0.002186435288862261,0.0017491482310898088,1.0017491482310898,3.5061220188088145,1316234.0438950812,1318536.3323446603,7756597.830767759,1.3162340438950813,1.3185363323446604,7.756597830767759,0.2186435288862261
Costa Rica,West Valley,ssp245,near_term,0.28932854718305173,0.1669964103872888,1001.9784623237327,6000,3.5,Delayed Transition,2030,Low Risk (<20%),0.005825456176300771,0.004660364941040617,1.0046603649410406,3.5163112772936422,3506924.618133065,3523268.1666742843,20666388.331044625,3.506924618133065,3.5232681666742844,20.666388331044626,0.5825456176300772
Costa Rica,West Valley,ssp245,mid_term,0.09673901145309195,0.048369505726545976,290.2170343592759,6000,3.5,Delayed Transition,2050,Low Risk (<20%),0.0016873083392981156,0.0013498466714384925,1.0013498466714386,3.504724463350035,1015759.6202574656,1017130.7399998519,5985895.064493996,1.0157596202574657,1.017130739999852,5.985895064493996,0.16873083392981156
Costa Rica,West Valley,ssp585,near_term,0.2561092052083463,0.14208190390625972,852.4914234375583,6000,3.5,Current Policies,2030,Low Risk (<20%),0.0049563454851020835,0.003965076388081667,1.0039650763880816,3.5138777673582857,2983719.9820314543,2995550.6596808545,17583131.242948156,2.983719982031454,2.9955506596808545,17.583131242948156,0.49563454851020833
Costa Rica,West Valley,ssp585,mid_term,0.11180347496513263,0.05590173748256631,335.41042489539785,6000,3.5,Current Policies,2050,Low Risk (<20%),0.0019500606098569642,0.0015600484878855714,1.0015600484878855,3.5054601697075993,1173936.4871338925,1175767.8849755193,6918035.019528568,1.1739364871338924,1.1757678849755193,6.918035019528568,0.19500606098569642
Mexico,Chiapas,ssp126,near_term,0.10998141799739095,0.05499070899869547,379.4358920909988,6900,4.0,Net-Zero 2050,2030,Low Risk (<20%),0.0022060226284360395,0.0017648181027488316,1.0017648181027488,3.5061768633596206,1328025.6223184958,1330369.3459776775,7826085.876639695,1.3280256223184959,1.3303693459776775,7.826085876639695,0.22060226284360396
Mexico,Chiapas,ssp126,mid_term,0.12699457895499655,0.06349728947749828,438.1312973947381,6900,4.0,Net-Zero 2050,2050,Low Risk (<20%),0.0025472749848531287,0.002037819987882503,1.0020378199878825,3.507132369957589,1533459.5408815835,1536584.4553846011,9036712.73626496,1.5334595408815834,1.536584455384601,9.036712736264962,0.2547274984853129
Mexico,Chiapas,ssp245,near_term,0.10124195815378335,0.05062097907689168,349.2847556305526,6900,4.0,Delayed Transition,2030,Low Risk (<20%),0.002030725323433445,0.0016245802587467563,1.0016245802587467,3.5056860309056135,1222496.644706934,1224482.6886223091,7204201.157412493,1.222496644706934,1.224482688622309,7.204201157412492,0.20307253234334452
Mexico,Chiapas,ssp245,mid_term,0.07316465139319189,0.036582325696595946,252.41804730651202,6900,4.0,Delayed Transition,2050,Low Risk (<20%),0.0014675467866657676,0.0011740374293326141,1.0011740374293325,3.504109131002664,883463.1655727921,884500.3843966111,5206268.980375478,0.883463165572792,0.8845003843966112,5.206268980375478,0.14675467866657677
Mexico,Chiapas,ssp585,near_term,0.11193956205568975,0.055969781027844875,386.19148909212964,6900,4.0,Current Policies,2030,Low Risk (<20%),0.0022452993551868,0.0017962394841494402,1.0017962394841495,3.5062868381945234,1351670.2118224537,1354098.1352264779,7965423.992460694,1.3516702118224537,1.3540981352264778,7.965423992460694,0.22452993551868003
Mexico,Chiapas,ssp585,mid_term,0.11821915599383648,0.05910957799691824,407.85608817873583,6900,4.0,Current Policies,2050,Low Risk (<20%),0.002371256326620557,0.0018970050612964456,1.0018970050612965,3.5066395177145377,1427496.3086255754,1430204.2763480202,8412268.94431909,1.4274963086255754,1.4302042763480203,8.41226894431909,0.2371256326620557
Mexico,Veracruz,ssp126,near_term,0.07513619316147524,0.03756809658073762,127.7315283745079,3400,2.0,Net-Zero 2050,2030,Low Risk (<20%),0.0007426251649680692,0.0005941001319744554,1.0005941001319745,3.5020793504619108,447060.3493107777,447325.94792330376,2634537.035240723,0.44706034931077765,0.44732594792330377,2.6345370352407227,0.07426251649680692
Mexico,Veracruz,ssp126,mid_term,0.0971232028933664,0.0485616014466832,165.1094449187229,3400,2.0,Net-Zero 2050,2050,Low Risk (<20%),0.0009599386332483889,0.0007679509065987111,1.0007679509065988,3.5026878281730958,577883.0572155301,578326.8430332268,3405478.295311985,0.5778830572155301,0.5783268430332268,3.405478295311985,0.09599386332483889
Mexico,Veracruz,ssp245,near_term,0.11123188768710097,0.05561594384355049,189.09420906807165,3400,2.0,Delayed Transition,2030,Low Risk (<20%),0.001099384936442277,0.0008795079491538216,1.000879507949154,3.5030782778220386,661829.7317382508,662411.816248301,3900178.000522623,0.6618297317382508,0.6624118162483009,3.9001780005226228,0.1099384936442277
Mexico,Veracruz,ssp245,mid_term,0.08186823462972097,0.040934117314860484,139.17599887052563,3400,2.0,Delayed Transition,2050,Low Risk (<20%),0.000809162784130963,0.0006473302273047704,1.0006473302273047,3.5022656557955663,487115.9960468397,487431.3209552844,2870585.892983005,0.4871159960468397,0.4874313209552844,2.870585892983005,0.0809162784130963
Mexico,Veracruz,ssp585,near_term,0.11719008652555203,0.058595043262776016,199.22314709343846,3400,2.0,Current Policies,2030,Low Risk (<20%),0.001158274111008363,0.0009266192888066904,1.0009266192888067,3.5032431675108233,697281.0148270346,697927.1288650921,4109093.23621327,0.6972810148270345,0.6979271288650921,4.10909323621327,0.1158274111008363
Mexico,Veracruz,ssp585,mid_term,0.12426899647331446,0.06213449823665723,211.2572940046346,3400,2.0,Current Policies,2050,Low Risk (<20%),0.001228240081422294,0.0009825920651378352,1.0009825920651378,3.5034390722279825,739400.5290162211,740127.0581089911,4357304.512853731,0.7394005290162211,0.7401270581089912,4.357304512853731,0.12282400814222941
Peru,Cajamarca,ssp126,near_term,0.03377418583258987,0.016887092916294935,72.61449954006822,4300,2.5,Net-Zero 2050,2030,Low Risk (<20%),0.0004221773229073734,0.00033774185832589876,1.000337741858326,3.5011820965041407,254150.7483902388,254236.58573629503,1497716.2707461982,0.25415074839023877,0.25423658573629504,1.4977162707461982,0.04221773229073734
Peru,Cajamarca,ssp126,mid_term,0.03848049277812243,0.019240246389061216,82.73305947296323,4300,2.5,Net-Zero 2050,2050,Low Risk (<20%),0.0004810061597265304,0.00038480492778122433,1.0003848049277813,3.501346817247234,289565.7081553713,289677.13446678594,1706417.4522458396,0.2895657081553713,0.28967713446678595,1.7064174522458397,0.04810061597265304
Peru,Cajamarca,ssp245,near_term,0.032921744302846494,0.016460872151423247,70.78175025111996,4300,2.5,Delayed Transition,2030,Low Risk (<20%),0.00041152180378558115,0.00032921744302846496,1.0003292174430285,3.5011522610505996,247736.12587891985,247817.68493282748,1459914.751109728,0.24773612587891986,0.2478176849328275,1.459914751109728,0.04115218037855811
Peru,Cajamarca,ssp245,mid_term,0.05397066043165978,0.02698533021582989,116.03691992806853,4300,2.5,Delayed Transition,2050,Low Risk (<20%),0.0006746332553957473,0.0005397066043165979,1.0005397066043167,3.5018889731151086,406129.21974823985,406348.410370344,2393328.9368419535,0.40612921974823984,0.406348410370344,2.3933289368419537,0.06746332553957474
Peru,Cajamarca,ssp585,near_term,0.031149422326474448,0.015574711163237224,66.97125800192006,4300,2.5,Current Policies,2030,Low Risk (<20%),0.0003893677790809306,0.00031149422326474447,1.0003114942232647,3.5010902297814264,234399.40300672024,234472.4170666935,1381321.1330675099,0.23439940300672024,0.2344724170666935,1.38132113306751,0.03893677790809306
Peru,Cajamarca,ssp585,mid_term,0.06038152063882444,0.03019076031941222,129.82026937347254,4300,2.5,Current Policies,2050,Low Risk (<20%),0.0007547690079853054,0.0006038152063882443,1.0006038152063883,3.502113353222359,454370.9428071539,454645.29889176186,2677618.5327286706,0.4543709428071539,0.45464529889176186,2.677618532728671,0.07547690079853055
Honduras,Copán,ssp126,near_term,0.10327831673412584,0.05163915836706292,160.08139093789504,3100,1.8,Net-Zero 2050,2030,Low Risk (<20%),0.0009307057612668316,0.0007445646090134653,1.0007445646090134,3.502605976131547,560284.8682826327,560702.0365665217,3301771.7586702127,0.5602848682826327,0.5607020365665217,3.301771758670213,0.09307057612668315
Honduras,Copán,ssp126,mid_term,0.11794235250074417,0.058971176250372084,182.81064637615347,3100,1.8,Net-Zero 2050,2050,Low Risk (<20%),0.0010628525952101947,0.0008502820761681558,1.0008502820761682,3.5029759872665887,639837.2623165372,640381.3044723495,3770575.8667676877,0.6398372623165373,0.6403813044723494,3.770575866767688,0.10628525952101947
Honduras,Copán,ssp245,near_term,0.08515741779038218,0.04257870889519109,131.99399757509238,3100,1.8,Delayed Transition,2030,Low Risk (<20%),0.000767406962645886,0.0006139255701167088,1.0006139255701167,3.5021487394954085,461978.9915128234,462262.6122285698,2722452.940682546,0.4619789915128234,0.4622626122285698,2.7224529406825457,0.0767406962645886
Honduras,Copán,ssp245,mid_term,0.06488260326802264,0.03244130163401132,100.5680350654351,3100,1.8,Delayed Transition,2050,Low Risk (<20%),0.0005846978782874134,0.00046775830262993075,1.00046775830263,3.501637154059205,351988.1227290228,352152.7680958565,2074274.193012428,0.3519881227290228,0.3521527680958565,2.074274193012428,0.05846978782874134
Honduras,Copán,ssp585,near_term,0.09595725217286963,0.047978626086434814,148.73374086794792,3100,1.8,Current Policies,2030,Low Risk (<20%),0.0008647310515578368,0.0006917848412462695,1.0006917848412462,3.502421246944362,520568.09303781774,520928.2141534178,3067719.8785065827,0.5205680930378177,0.5209282141534178,3.067719878506583,0.08647310515578367
Honduras,Copán,ssp585,mid_term,0.09721331064566038,0.04860665532283019,150.6806315007736,3100,1.8,Current Policies,2050,Low Risk (<20%),0.0008760501831440325,0.000700840146515226,1.0007008401465152,3.502452940512803,527382.2102527076,527751.8208782106,3107875.6297217705,0.5273822102527076,0.5277518208782106,3.1078756297217707,0.08760501831440325
Rwanda,Northern Province,ssp126,near_term,0.021998273864854128,0.010999136932427064,37.39706557025202,3400,2.0,Net-Zero 2050,2030,Low Risk (<20%),0.0002174247998270466,0.00017393983986163728,1.0001739398398617,3.500608789439516,130889.72949588206,130912.49643447011,771336.2198664307,0.13088972949588207,0.13091249643447012,0.7713362198664308,0.02174247998270466
Rwanda,Northern Province,ssp126,mid_term,0.02551859547640197,0.012759297738200986,43.38161230988335,3400,2.0,Net-Zero 2050,2050,Low Risk (<20%),0.00025221867622025207,0.00020177494097620166,1.0002017749409762,3.5007062122934167,151835.64308459172,151866.2797125132,894770.9757589663,0.15183564308459171,0.1518662797125132,0.8947709757589662,0.025221867622025208
Rwanda,Northern Province,ssp245,near_term,0.014495311653241517,0.007247655826620758,24.64202981051058,3400,2.0,Delayed Transition,2030,Low Risk (<20%),0.0001432676151773871,0.00011461409214190969,1.000114614092142,3.5004011493224967,86247.10433678703,86256.98947035045,508256.19160329853,0.08624710433678703,0.08625698947035046,0.5082561916032985,0.01432676151773871
Rwanda,Northern Province,ssp245,mid_term,0.02181735029281117,0.010908675146405585,37.08949549777899,3400,2.0,Delayed Transition,2050,Low Risk (<20%),0.00021563660173127321,0.00017250928138501858,1.0001725092813851,3.500603782484848,129813.23424222646,129835.62822997986,764992.408301865,0.12981323424222646,0.12983562822997985,0.764992408301865,0.02156366017312732
Rwanda,Northern Province,ssp585,near_term,0.004693402011645959,0.0023467010058229793,7.9787834197981296,3400,2.0,Current Policies,2030,Low Risk (<20%),4.6388275696500755e-05,3.7110620557200605e-05,1.0000371106205572,3.5001298871719504,27925.741969293453,27926.778310907455,164567.0468609061,0.02792574196929345,0.027926778310907455,0.1645670468609061,0.004638827569650075
Rwanda,Northern Province,ssp585,mid_term,0.02994632866652682,0.01497316433326341,50.908758733095596,3400,2.0,Current Policies,2050,Low Risk (<20%),0.0002959811554249744,0.00023678492433997953,1.0002367849243399,3.5008287472351896,178180.65556583458,178222.84605888155,1050022.7469856394,0.17818065556583457,0.17822284605888156,1.0500227469856394,0.029598115542497437
Tanzania,Kilimanjaro,ssp126,near_term,0.04066611920343713,0.020333059601718564,69.13240264584311,3400,2.0,Net-Zero 2050,2030,Low Risk (<20%),0.0004019325735223437,0.00032154605881787497,1.000321546058818,3.5011254112058627,241963.40926045092,242041.21164107675,1425895.9978278668,0.24196340926045093,0.24204121164107675,1.425895997827867,0.04019325735223437
Tanzania,Kilimanjaro,ssp126,mid_term,0.02971243797580246,0.01485621898790123,50.51114455886418,3400,2.0,Net-Zero 2050,2050,Low Risk (<20%),0.0002936694451096755,0.00023493555608774042,1.0002349355560878,3.5008222744463073,176789.00595602463,176830.53997944912,1041821.723471085,0.17678900595602462,0.17683053997944911,1.041821723471085,0.02936694451096755
Tanzania,Kilimanjaro,ssp245,near_term,0.033383514941786416,0.016691757470893208,56.75197540103691,3400,2.0,Delayed Transition,2030,Low Risk (<20%),0.00032995334535486576,0.0002639626762838926,1.000263962676284,3.5009238693669937,198631.91390362917,198684.34531521858,1170542.487980922,0.19863191390362916,0.19868434531521859,1.170542487980922,0.03299533453548657
Tanzania,Kilimanjaro,ssp245,mid_term,0.0462221274963813,0.02311106374819065,78.57761674384821,3400,2.0,Delayed Transition,2050,Low Risk (<20%),0.00045684660897586166,0.00036547728718068934,1.0003654772871806,3.501279170505132,275021.65860346874,275122.17277317104,1620709.0300027672,0.2750216586034687,0.275122172773171,1.6207090300027671,0.04568466089758617
Tanzania,Kilimanjaro,ssp585,near_term,0.0384262580589857,0.01921312902949285,65.3246387002757,3400,2.0,Current Policies,2030,Low Risk (<20%),0.0003797944110481145,0.00030383552883849163,1.0003038355288385,3.5010634243509346,228636.23545096494,228705.70326247482,1347358.6526342914,0.22863623545096495,0.22870570326247483,1.3473586526342916,0.037979441104811454
Tanzania,Kilimanjaro,ssp585,mid_term,0.048808042408665646,0.024404021204332823,82.9736720947316,3400,2.0,Current Policies,2050,Low Risk (<20%),0.000482405070318207,0.0003859240562545656,1.0003859240562545,3.501350734196891,290407.85233156057,290519.9277079005,1711380.2274608712,0.2904078523315606,0.2905199277079005,1.7113802274608712,0.0482405070318207
Indonesia,Sumatra Aceh,ssp126,near_term,0.18385254517383876,0.09192627258691938,634.2912808497437,6900,4.0,Net-Zero 2050,2030,Low Risk (<20%),0.0036877400049403703,0.0029501920039522963,1.0029501920039523,3.510325672013833,2220019.4829741027,2226568.966701391,13082626.44152646,2.2200194829741027,2.2265689667013913,13.08262644152646,0.368774000494037
Indonesia,Sumatra Aceh,ssp126,mid_term,0.24331849705800415,0.1324888727935031,914.1732222751714,6900,4.0,Net-Zero 2050,2050,Low Risk (<20%),0.005314960594623089,0.004251968475698471,1.0042519684756985,3.5148818896649447,3199606.2779631,3213210.902991646,18855354.20548488,3.1996062779631,3.213210902991646,18.85535420548488,0.5314960594623089
Indonesia,Sumatra Aceh,ssp245,near_term,0.2665230586845428,0.1498922940134071,1034.2568286925089,6900,4.0,Delayed Transition,2030,Low Risk (<20%),0.00601312109704947,0.0048104968776395765,1.0048104968776397,3.516836739071739,3619898.900423781,3637312.412781641,21332148.403892707,3.619898900423781,3.637312412781641,21.332148403892706,0.601312109704947
Indonesia,Sumatra Aceh,ssp245,mid_term,0.3046925044693053,0.17851937835197895,1231.7837106286547,6900,4.0,Delayed Transition,2050,Low Risk (<20%),0.0071615332013293875,0.00572922656106351,1.0057292265610636,3.5200522929637224,4311242.987200292,4335943.075033759,25406255.185036145,4.311242987200292,4.335943075033759,25.406255185036144,0.7161533201329388
Indonesia,Sumatra Aceh,ssp585,near_term,0.27866988223046063,0.15900241167284546,1097.1166405426336,6900,4.0,Current Policies,2030,Low Risk (<20%),0.006378585119433917,0.0051028680955471336,1.0051028680955472,3.517860038334415,3839908.2418992175,3859502.7871566336,22628668.569703765,3.8399082418992174,3.8595027871566336,22.628668569703766,0.6378585119433917
Indonesia,Sumatra Aceh,ssp585,mid_term,0.3806209955457598,0.23546574665931982,1624.7136519493067,6900,4.0,Current Policies,2050,Moderate Risk (20–40%),0.009446009604356435,0.007556807683485148,1.007556807683485,3.5264488268921976,5686497.781822573,5729469.551952371,33510663.672414895,5.686497781822573,5.729469551952372,33.51066367241489,0.9446009604356435
Indonesia,Java West,ssp126,near_term,0.1687356095276773,0.08436780476383865,286.8505361970514,3400,2.0,Net-Zero 2050,2030,Low Risk (<20%),0.0016677356755642522,0.0013341885404514018,1.0013341885404514,3.50466965989158,1003976.8766896799,1005316.3711334375,5916459.0826317435,1.00397687668968,1.0053163711334374,5.916459082631744,0.16677356755642522
Indonesia,Java West,ssp126,mid_term,0.13329367589391766,0.06664683794695883,226.59924901966002,3400,2.0,Net-Zero 2050,2050,Low Risk (<20%),0.001317437494300349,0.0010539499954402792,1.0010539499954403,3.503688824984041,793097.3715688101,793933.2565399588,4673741.254779919,0.7930973715688101,0.7939332565399587,4.673741254779919,0.1317437494300349
Indonesia,Java West,ssp245,near_term,0.10509250067640094,0.05254625033820047,178.6572511498816,3400,2.0,Delayed Transition,2030,Low Risk (<20%),0.0010387049485458234,0.0008309639588366587,1.0008309639588366,3.502908373855928,625300.3790245856,625819.9811030019,3684909.6754611633,0.6253003790245856,0.6258199811030019,3.684909675461163,0.10387049485458234
Indonesia,Java West,ssp245,mid_term,0.2186265682745725,0.11396992620592937,387.49774910015987,3400,2.0,Delayed Transition,2050,Low Risk (<20%),0.0022528938901172084,0.0018023151120937669,1.0018023151120938,3.506308102892328,1356242.1218505595,1358686.4975224289,7992366.364579811,1.3562421218505596,1.3586864975224289,7.99236636457981,0.22528938901172085
Indonesia,Java West,ssp585,near_term,0.15101366985403003,0.07550683492701502,256.72323875185106,3400,2.0,Current Policies,2030,Low Risk (<20%),0.0014925769694875061,0.001194061575590005,1.00119406157559,3.5041792155145655,898531.3356314787,899604.2373738199,5295066.056953878,0.8985313356314787,0.8996042373738199,5.295066056953878,0.1492576969487506
Indonesia,Java West,ssp585,mid_term,0.26396414009667934,0.1479731050725095,503.10855724653226,3400,2.0,Current Policies,2050,Low Risk (<20%),0.002925049751433327,0.0023400398011466615,1.0023400398011466,3.508190139304013,1760879.9503628628,1765000.4795317529,10376906.498184873,1.7608799503628627,1.7650004795317529,10.376906498184873,0.2925049751433327
China,Yunnan Pu er,ssp126,near_term,0.03441369693656452,0.01720684846828226,58.50328479215968,3400,2.0,Net-Zero 2050,2030,Low Risk (<20%),0.0003401353766986028,0.00027210830135888226,1.0002721083013588,3.500952379054756,204761.4967725589,204817.21407562937,1206664.2623759636,0.2047614967725589,0.20481721407562936,1.2066642623759636,0.03401353766986028
China,Yunnan Pu er,ssp126,mid_term,0.06654184531909413,0.033270922659547064,113.12113704246002,3400,2.0,Net-Zero 2050,2050,Low Risk (<20%),0.000657681029316628,0.0005261448234533025,1.0005261448234533,3.5018415068820863,395923.97964861005,396132.2930009832,2333189.2196036703,0.39592397964861004,0.3961322930009832,2.3331892196036703,0.0657681029316628
China,Yunnan Pu er,ssp245,near_term,0.10868722740677184,0.05434361370338592,184.76828659151212,3400,2.0,Delayed Transition,2030,Low Risk (<20%),0.0010742342243692565,0.0008593873794954052,1.0008593873794953,3.5030078558282334,646689.0030702924,647244.7594379894,3810953.334372375,0.6466890030702924,0.6472447594379894,3.810953334372375,0.10742342243692565
China,Yunnan Pu er,ssp245,mid_term,0.16046620684606022,0.08023310342303011,272.79255163830237,3400,2.0,Delayed Transition,2050,Low Risk (<20%),0.0015860032071994324,0.001268802565759546,1.0012688025657595,3.504440808980158,954773.9307340584,955985.350347094,5626504.977860708,0.9547739307340584,0.955985350347094,5.626504977860708,0.15860032071994323
China,Yunnan Pu er,ssp585,near_term,0.1258892985403072,0.0629446492701536,214.01180751852223,3400,2.0,Current Policies,2030,Low Risk (<20%),0.0012442546948751292,0.0009954037559001033,1.0009954037559001,3.5034839131456503,749041.3263148278,749786.924864366,4414117.9555390095,0.7490413263148278,0.7497869248643659,4.41411795553901,0.12442546948751292
China,Yunnan Pu er,ssp585,mid_term,0.1808785361754708,0.0904392680877354,307.4935114983004,3400,2.0,Current Policies,2050,Low Risk (<20%),0.001787752973827328,0.0014302023790618624,1.0014302023790618,3.505005708326716,1076227.2902440515,1077766.5130749696,6342232.449949831,1.0762272902440515,1.0777665130749696,6.34223244994983,0.1787752973827328
Vietnam,Central Highlands,ssp126,near_term,0.2592484552415553,0.1444363414311665,375.53448772103286,2600,1.5,Net-Zero 2050,2030,Low Risk (<20%),0.002183340044889726,0.0017466720359117808,1.0017466720359118,3.5061133521256913,1314370.707023615,1316666.4815823948,7745617.143250794,1.314370707023615,1.3166664815823947,7.7456171432507945,0.21833400448897258
Vietnam,Central Highlands,ssp126,mid_term,0.08790386344632134,0.04395193172316067,114.27502248021774,2600,1.5,Net-Zero 2050,2050,Low Risk (<20%),0.0006643896655826613,0.000531511732466129,1.0005315117324662,3.5018602910636316,399962.5786807621,400175.16348387836,2356988.77762105,0.39996257868076207,0.4001751634838784,2.35698877762105,0.06643896655826613
Vietnam,Central Highlands,ssp245,near_term,0.2651500099883415,0.14886250749125612,387.0425194772659,2600,1.5,Delayed Transition,2030,Low Risk (<20%),0.002250247206263174,0.0018001977650105392,1.0018001977650106,3.506300692177537,1354648.8181704306,1357087.4539452752,7982976.988939237,1.3546488181704306,1.357087453945275,7.982976988939237,0.2250247206263174
Vietnam,Central Highlands,ssp245,mid_term,0.2995684394976124,0.1746763296232093,454.1584570203442,2600,1.5,Delayed Transition,2050,Low Risk (<20%),0.0026404561454671173,0.0021123649163736938,1.0021123649163737,3.5073932772073078,1589554.5995712047,1592912.3189399992,9367282.221659148,1.5895545995712048,1.5929123189399992,9.367282221659147,0.2640456145467117
Vietnam,Central Highlands,ssp585,near_term,0.2395767998257652,0.1296825998693239,337.17475966024216,2600,1.5,Current Policies,2030,Low Risk (<20%),0.001960318370117687,0.0015682546960941496,1.0015682546960942,3.50548889143633,1180111.6588108477,1181962.3744616932,6954425.449829509,1.1801116588108476,1.1819623744616932,6.954425449829508,0.19603183701176868
Vietnam,Central Highlands,ssp585,mid_term,0.32701369911711664,0.1952602743378375,507.67671327837746,2600,1.5,Current Policies,2050,Low Risk (<20%),0.0029516087981301016,0.0023612870385040815,1.0023612870385041,3.5082645046347647,1776868.4964743212,1781064.1930241724,10471127.372246351,1.7768684964743213,1.7810641930241724,10.47112737224635,0.29516087981301015
